/* Dim_Question insertion : remaining qustion (12 qus already inserted out of 42 in DB_Insert_Script I)*/

INSERT INTO Dim_Question ( testid, qus_desc, qus_type) values (1,'Are you more:','2opt');
INSERT INTO Dim_Question ( testid, qus_desc, qus_type) values (1,'Does it bother you more having things:','2opt');
INSERT INTO Dim_Question ( testid, qus_desc, qus_type) values (1,'In your social groups do you:','2opt');
INSERT INTO Dim_Question ( testid, qus_desc, qus_type) values (1,'In doing ordinary things are you more likely to:','2opt');
INSERT INTO Dim_Question ( testid, qus_desc, qus_type) values (1,'Writers should:','2opt');
INSERT INTO Dim_Question ( testid, qus_desc, qus_type) values (1,'Which appeals to you more:','2opt');
INSERT INTO Dim_Question ( testid, qus_desc, qus_type) values (1,'Are you more comfortable in making:','2opt');
INSERT INTO Dim_Question ( testid, qus_desc, qus_type) values (1,'Do you want things:','2opt');
INSERT INTO Dim_Question ( testid, qus_desc, qus_type) values (1,'Would you say you are more:','2opt');
INSERT INTO Dim_Question ( testid, qus_desc, qus_type) values (1,'In phoning do you:','2opt');

INSERT INTO Dim_Question ( testid, qus_desc, qus_type) values (1,'Facts:','2opt');
INSERT INTO Dim_Question ( testid, qus_desc, qus_type) values (1,'Are visionaries:','2opt');
INSERT INTO Dim_Question ( testid, qus_desc, qus_type) values (1,'Are you more often:','2opt');
INSERT INTO Dim_Question ( testid, qus_desc, qus_type) values (1,'Is it worse to be:','2opt');
INSERT INTO Dim_Question ( testid, qus_desc, qus_type) values (1,'Should one usually let events occur:','2opt');
INSERT INTO Dim_Question ( testid, qus_desc, qus_type) values (1,'Do you feel better about:','2opt');
INSERT INTO Dim_Question ( testid, qus_desc, qus_type) values (1,'In company do you:','2opt');
INSERT INTO Dim_Question ( testid, qus_desc, qus_type) values (1,'Common sense is:','2opt');
INSERT INTO Dim_Question ( testid, qus_desc, qus_type) values (1,'Children often do not:','2opt');
INSERT INTO Dim_Question ( testid, qus_desc, qus_type) values (1,'In making decisions do you feel more comfortable with:','2opt');

INSERT INTO Dim_Question ( testid, qus_desc, qus_type) values (1,'Are you more:','2opt');
INSERT INTO Dim_Question ( testid, qus_desc, qus_type) values (1,'Which is more admirable:','2opt');
INSERT INTO Dim_Question ( testid, qus_desc, qus_type) values (1,'Do you put more value on:','2opt');
INSERT INTO Dim_Question ( testid, qus_desc, qus_type) values (1,'Does new and non-routine interaction with others:','2opt');
INSERT INTO Dim_Question ( testid, qus_desc, qus_type) values (1,'Are you more frequently:','2opt');
INSERT INTO Dim_Question ( testid, qus_desc, qus_type) values (1,'Are you more likely to:','2opt');
INSERT INTO Dim_Question ( testid, qus_desc, qus_type) values (1,'Which is more satisfying:','2opt');
INSERT INTO Dim_Question ( testid, qus_desc, qus_type) values (1,'Which rules you more:','2opt');
INSERT INTO Dim_Question ( testid, qus_desc, qus_type) values (1,'Are you more comfortable with work that is:','2opt');
INSERT INTO Dim_Question ( testid, qus_desc, qus_type) values (1,'Do you tend to look for:','2opt');


/* Dim_Qus_Option insertion : remaining qustion (12 qus already inserted out of 42 in DB_Insert_Script I)*/

INSERT INTO Dim_Qus_Option ( qusid, testid, tot_col, op1 , op2 ) values (13,1,2,'Punctual','Leisurely');
INSERT INTO Dim_Qus_Option ( qusid, testid, tot_col, op1 , op2 ) values (14,1,2,'Incomplete','Completed');
INSERT INTO Dim_Qus_Option ( qusid, testid, tot_col, op1 , op2 ) values (15,1,2,'Keep abreast of others happenings','Get behind on the news');
INSERT INTO Dim_Qus_Option ( qusid, testid, tot_col, op1 , op2 ) values (16,1,2,'Do it the usual way','Do it your own way');
INSERT INTO Dim_Qus_Option ( qusid, testid, tot_col, op1 , op2 ) values (17,1,2,'"Say what they mean and mean what they say"','Express things more by use of analogy ');
INSERT INTO Dim_Qus_Option ( qusid, testid, tot_col, op1 , op2 ) values (18,1,2,'Consistency of thought','Harmonious human relationships');
INSERT INTO Dim_Qus_Option ( qusid, testid, tot_col, op1 , op2 ) values (19,1,2,'Logical judgments','Value judgments');
INSERT INTO Dim_Qus_Option ( qusid, testid, tot_col, op1 , op2 ) values (20,1,2,'Settled and decided','Unsettled and undecided');
INSERT INTO Dim_Qus_Option ( qusid, testid, tot_col, op1 , op2 ) values (21,1,2,'Serious and determined','Easy-going');
INSERT INTO Dim_Qus_Option ( qusid, testid, tot_col, op1 , op2 ) values (22,1,2,'Rarely question that it will all be said','Rehearse what you will say');

INSERT INTO Dim_Qus_Option ( qusid, testid, tot_col, op1 , op2 ) values (23,1,2,'"Speak for themselves"','Illustrate principles');
INSERT INTO Dim_Qus_Option ( qusid, testid, tot_col, op1 , op2 ) values (24,1,2,'Somewhat annoying','Rather fascinating');
INSERT INTO Dim_Qus_Option ( qusid, testid, tot_col, op1 , op2 ) values (25,1,2,'A cool-headed person','A warm-hearted person');
INSERT INTO Dim_Qus_Option ( qusid, testid, tot_col, op1 , op2 ) values (26,1,2,'Unjust','Merciless');
INSERT INTO Dim_Qus_Option ( qusid, testid, tot_col, op1 , op2 ) values (27,1,2,'By careful selection and choice','Randomly and by chance');
INSERT INTO Dim_Qus_Option ( qusid, testid, tot_col, op1 , op2 ) values (28,1,2,'Having purchased','Having the option to buy');
INSERT INTO Dim_Qus_Option ( qusid, testid, tot_col, op1 , op2 ) values (29,1,2,'Initiate conversation','Wait to be approached');
INSERT INTO Dim_Qus_Option ( qusid, testid, tot_col, op1 , op2 ) values (30,1,2,'Rarely questionable','Frequently questionable');
INSERT INTO Dim_Qus_Option ( qusid, testid, tot_col, op1 , op2 ) values (31,1,2,'Make themselves useful enough','Exercise their fantasy enough');
INSERT INTO Dim_Qus_Option ( qusid, testid, tot_col, op1 , op2 ) values (32,1,2,'Standards','Feelings');

INSERT INTO Dim_Qus_Option ( qusid, testid, tot_col, op1 , op2 ) values (33,1,2,'Firm than gentle','Gentle than firm');
INSERT INTO Dim_Qus_Option ( qusid, testid, tot_col, op1 , op2 ) values (34,1,2,'The ability to organize and be methodical','The ability to adapt and make do');
INSERT INTO Dim_Qus_Option ( qusid, testid, tot_col, op1 , op2 ) values (35,1,2,'Infinite','Open-minded');
INSERT INTO Dim_Qus_Option ( qusid, testid, tot_col, op1 , op2 ) values (36,1,2,'Stimulate and energize you','Tax your reserves');
INSERT INTO Dim_Qus_Option ( qusid, testid, tot_col, op1 , op2 ) values (37,1,2,'A practical sort of person','A fanciful sort of person');
INSERT INTO Dim_Qus_Option ( qusid, testid, tot_col, op1 , op2 ) values (38,1,2,'See how others are useful','See how others see');
INSERT INTO Dim_Qus_Option ( qusid, testid, tot_col, op1 , op2 ) values (39,1,2,'To discuss an issue thoroughly','To arrive at agreement on an issue');
INSERT INTO Dim_Qus_Option ( qusid, testid, tot_col, op1 , op2 ) values (40,1,2,'Your head','Your heart');
INSERT INTO Dim_Qus_Option ( qusid, testid, tot_col, op1 , op2 ) values (41,1,2,'Contracted','Done on a casual basis');
INSERT INTO Dim_Qus_Option ( qusid, testid, tot_col, op1 , op2 ) values (42,1,2,'The orderly','Whatever turns up');



/* Dim_Personality_Attribute_Type insertion : For all 8 attributes */


INSERT INTO Dim_Personality_Attribute_Type(personality_type,type_desc,testid) values ('E','Extraversion',1);
INSERT INTO Dim_Personality_Attribute_Type(personality_type,type_desc,testid) values ('I','Introversion',1);
INSERT INTO Dim_Personality_Attribute_Type(personality_type,type_desc,testid) values ('S','Sensing',1);
INSERT INTO Dim_Personality_Attribute_Type(personality_type,type_desc,testid) values ('N','Intuition',1);
INSERT INTO Dim_Personality_Attribute_Type(personality_type,type_desc,testid) values ('T','Thinking',1);
INSERT INTO Dim_Personality_Attribute_Type(personality_type,type_desc,testid) values ('F','Feeling',1);
INSERT INTO Dim_Personality_Attribute_Type(personality_type,type_desc,testid) values ('J','Judging',1);
INSERT INTO Dim_Personality_Attribute_Type(personality_type,type_desc,testid) values ('P','Perceiving',1);



/* Test_MBTI_Ans insertion : For 42 Questions and their anwser w.r.t personality_type  */

INSERT INTO Test_MBTI_Ans (testid , qusid ,type1 ,type2) values (1,1,'E','I');   
INSERT INTO Test_MBTI_Ans (testid , qusid ,type1 ,type2) values (1,2,'S','N');  
INSERT INTO Test_MBTI_Ans (testid , qusid ,type1 ,type2) values (1,3,'S','N');  
INSERT INTO Test_MBTI_Ans (testid , qusid ,type1 ,type2) values (1,4,'T','F');  
INSERT INTO Test_MBTI_Ans (testid , qusid ,type1 ,type2) values (1,5,'T','F');  
INSERT INTO Test_MBTI_Ans (testid , qusid ,type1 ,type2) values (1,6,'J','P');  
INSERT INTO Test_MBTI_Ans (testid , qusid ,type1 ,type2) values (1,7,'J','P');  
INSERT INTO Test_MBTI_Ans (testid , qusid ,type1 ,type2) values (1,8,'E','I');  
INSERT INTO Test_MBTI_Ans (testid , qusid ,type1 ,type2) values (1,9,'S','N');  
INSERT INTO Test_MBTI_Ans (testid , qusid ,type1 ,type2) values (1,10,'S','N'); 

INSERT INTO Test_MBTI_Ans (testid , qusid ,type1 ,type2) values (1,11,'T','F');  
INSERT INTO Test_MBTI_Ans (testid , qusid ,type1 ,type2) values (1,12,'T','F');  
INSERT INTO Test_MBTI_Ans (testid , qusid ,type1 ,type2) values (1,13,'J','P');  
INSERT INTO Test_MBTI_Ans (testid , qusid ,type1 ,type2) values (1,14,'J','P');  
INSERT INTO Test_MBTI_Ans (testid , qusid ,type1 ,type2) values (1,15,'E','I');  
INSERT INTO Test_MBTI_Ans (testid , qusid ,type1 ,type2) values (1,16,'S','N');  
INSERT INTO Test_MBTI_Ans (testid , qusid ,type1 ,type2) values (1,17,'S','N');  
INSERT INTO Test_MBTI_Ans (testid , qusid ,type1 ,type2) values (1,18,'T','F');  
INSERT INTO Test_MBTI_Ans (testid , qusid ,type1 ,type2) values (1,19,'T','F');
INSERT INTO Test_MBTI_Ans (testid , qusid ,type1 ,type2) values (1,20,'J','P');    
INSERT INTO Test_MBTI_Ans (testid , qusid ,type1 ,type2) values (1,21,'J','P'); 
INSERT INTO Test_MBTI_Ans (testid , qusid ,type1 ,type2) values (1,22,'E','I'); 
INSERT INTO Test_MBTI_Ans (testid , qusid ,type1 ,type2) values (1,23,'S','N'); 
INSERT INTO Test_MBTI_Ans (testid , qusid ,type1 ,type2) values (1,24,'S','N'); 
INSERT INTO Test_MBTI_Ans (testid , qusid ,type1 ,type2) values (1,25,'T','F'); 

INSERT INTO Test_MBTI_Ans (testid , qusid ,type1 ,type2) values (1,26,'T','F'); 
INSERT INTO Test_MBTI_Ans (testid , qusid ,type1 ,type2) values (1,27,'J','P'); 
INSERT INTO Test_MBTI_Ans (testid , qusid ,type1 ,type2) values (1,28,'J','P'); 
INSERT INTO Test_MBTI_Ans (testid , qusid ,type1 ,type2) values (1,29,'E','I'); 
INSERT INTO Test_MBTI_Ans (testid , qusid ,type1 ,type2) values (1,30,'S','N'); 
INSERT INTO Test_MBTI_Ans (testid , qusid ,type1 ,type2) values (1,31,'S','N'); 
INSERT INTO Test_MBTI_Ans (testid , qusid ,type1 ,type2) values (1,32,'T','F'); 
INSERT INTO Test_MBTI_Ans (testid , qusid ,type1 ,type2) values (1,33,'T','F'); 
INSERT INTO Test_MBTI_Ans (testid , qusid ,type1 ,type2) values (1,34,'J','P'); 
INSERT INTO Test_MBTI_Ans (testid , qusid ,type1 ,type2) values (1,35,'J','P'); 
INSERT INTO Test_MBTI_Ans (testid , qusid ,type1 ,type2) values (1,36,'E','I'); 
INSERT INTO Test_MBTI_Ans (testid , qusid ,type1 ,type2) values (1,37,'S','N'); 
INSERT INTO Test_MBTI_Ans (testid , qusid ,type1 ,type2) values (1,38,'S','N'); 
INSERT INTO Test_MBTI_Ans (testid , qusid ,type1 ,type2) values (1,39,'T','F'); 
INSERT INTO Test_MBTI_Ans (testid , qusid ,type1 ,type2) values (1,40,'T','F'); 
INSERT INTO Test_MBTI_Ans (testid , qusid ,type1 ,type2) values (1,41,'J','P'); 
INSERT INTO Test_MBTI_Ans (testid , qusid ,type1 ,type2) values (1,42,'J','P'); 



